Full_name,email
"Ava Jones",ava.jones@email.com
"William Garcia",william.garcia@email.com
"Sophia Miller",sophia.miller@email.com
"Isabella Martinez",isabella.martinez@email.com
"Benjamin Rodriguez",benjamin.rodriguez@email.com
"Mia Hernandez",mia.hernandez@email.com
"Lucas Lopez",lucas.lopez@email.com
"Charlotte Gonzalez",charlotte.gonzalez@email.com
"Amelia Anderson",amelia.anderson@email.com
"Alexander Thomas",alexander.thomas@email.com
"Harper Taylor",harper.taylor@email.com
"Daniel Moore",daniel.moore@email.com
"Evelyn Jackson",evelyn.jackson@email.com
"Matthew White",matthew.white@email.com
"Ella Harris",ella.harris@email.com
"Joseph Martin",joseph.martin@email.com
"Abigail Thompson",abigail.thompson@email.com
"Samuel Garcia",samuel.garcia@email.com
"Scarlett Martinez",scarlett.martinez@email.com
"David Robinson",david.robinson@email.com
"Victoria Clark",victoria.clark@email.com
"Andrew Rodriguez",andrew.rodriguez@email.com
"Nathan Lee",nathan.lee@email.com
"Chloe Walker",chloe.walker@email.com
"Ryan Hall",ryan.hall@email.com
"Zoe Allen",zoe.allen@email.com
"Lily Hernandez",lily.hernandez@email.com
"Gabriel King",gabriel.king@email.com
"Aria Wright",aria.wright@email.com
"Jack Lopez",jack.lopez@email.com
"Hannah Hill",hannah.hill@email.com
"Caleb Scott",caleb.scott@email.com
"Layla Green",layla.green@email.com
"Owen Adams",owen.adams@email.com
"Sofia Baker",sofia.baker@email.com
"Henry Gonzalez",henry.gonzalez@email.com
"Scarlett Nelson",scarlett.nelson@email.com
"Leo Carter",leo.carter@email.com
"Mila Mitchell",mila.mitchell@email.com
"Sebastian Perez",sebastian.perez@email.com
"Daniel Turner",daniel.turner@email.com
"Victoria Edwards",victoria.edwards@email.com
"Mason Collins",mason.collins@email.com
"Aria Stewart",aria.stewart@email.com
"Elijah Sanchez",elijah.sanchez@email.com
"Grace Morris",grace.morris@email.com
"Daniel Rogers",daniel.rogers@email.com
"Lily Reed",lily.reed@email.com
"Jacob Cook",jacob.cook@email.com
"Sophia Morgan",sophia.morgan@email.com
"Lucas Bell",lucas.bell@email.com
"Mia Murphy",mia.murphy@email.com
"Benjamin Bailey",benjamin.bailey@email.com
"Scarlett Rivera",scarlett.rivera@email.com
"Alexander Cooper",alexander.cooper@email.com
"Amelia Richardson",amelia.richardson@email.com
"Matthew Cox",matthew.cox@email.com
"Harper Howard",harper.howard@email.com
"Nathan Ward",nathan.ward@email.com
"Ella Torres",ella.torres@email.com
"Samuel Peterson",samuel.peterson@email.com
"Chloe Gray",chloe.gray@email.com
"Jack Ramirez",jack.ramirez@email.com
"Zoey James",zoey.james@email.com
"Ryan Watson",ryan.watson@email.com
"Lily Brooks",lily.brooks@email.com
"David Kelly",david.kelly@email.com
"Aria Sanders",aria.sanders@email.com
"Elijah Price",elijah.price@email.com
"Grace Bennett",grace.bennett@email.com
"Owen Wood",owen.wood@email.com
"Mia Barnes",mia.barnes@email.com
"Alexander Ross",alexander.ross@email.com
"Charlotte Henderson",charlotte.henderson@email.com
"Henry Coleman",henry.coleman@email.com
"Scarlett Jenkins",scarlett.jenkins@email.com
"Caleb Perry",caleb.perry@email.com
"Aurora Powell",aurora.powell@email.com
"Leo Long",leo.long@email.com
"Chloe Patterson",chloe.patterson@email.com
"Jack Hughes",jack.hughes@email.com
"Ella Flores",ella.flores@email.com
"Liam Washington",liam.washington@email.com
"Zoe Butler",zoe.butler@email.com
"Henry Simmons",henry.simmons@email.com
"Lily Foster",lily.foster@email.com
"Benjamin Gonzales",benjamin.gonzales@email.com
"Harper Bryant",harper.bryant@email.com
"Alexander Alexander",alexander.alexander@email.com
"Aurora Russell",aurora.russell@email.com
"Owen Griffin",owen.griffin@email.com
"Mia Diaz",mia.diaz@email.com
"Liam Ramirez",liam.ramirez@email.com
"Zoe Torres",zoe.torres@email.com
"Noah Nguyen",noah.nguyen@email.com
"Lily Parker",lily.parker@email.com
"Ethan Edwards",ethan.edwards@email.com
"Harper Collins",harper.collins@email.com
"Alexander Stewart",alexander.stewart@email.com
"Charlotte Sanchez",charlotte.sanchez@email.com
"Benjamin Morris",benjamin.morris@email.com
"Aria Rogers",aria.rogers@email.com
"David Reed",david.reed@email.com
"Grace Cook",grace.cook@email.com
"Jack Morgan",jack.morgan@email.com
"Mia Bell",mia.bell@email.com
"Henry Bailey",henry.bailey@email.com
"Ella Rivera",ella.rivera@email.com
"Lucas Cooper",lucas.cooper@email.com
"Sophia Richardson",sophia.richardson@email.com
"Owen Cox",owen.cox@email.com
"Lily Howard",lily.howard@email.com
"Ethan Ward",ethan.ward@email.com
"Aria Torres",aria.torres@email.com
"Benjamin Peterson",benjamin.peterson@email.com
"Grace Gray",grace.gray@email.com
"Mia Flores",mia.flores@email.com
"Henry Washington",henry.washington@email.com
"Ella Butler",ella.butler@email.com
"Nathan Simmons",nathan.simmons@email.com
"Harper Foster",harper.foster@email.com
"Leo Gonzales",leo.gonzales@email.com
"Aria Bryant",aria.bryant@email.com
"Daniel Alexander",daniel.alexander@email.com
"Chloe Russell",chloe.russell@email.com
"Ethan Griffin",ethan.griffin@email.com
"Aurora Diaz",aurora.diaz@email.com
"Jack Hayes",jack.hayes@email.com
"Grace Myers",grace.myers@email.com
"Lucas Ford",lucas.ford@email.com
"Charlotte Hamilton",charlotte.hamilton@email.com
"Owen Graham",owen.graham@email.com
"Lily Sullivan",lily.sullivan@email.com
"Daniel Wallace",daniel.wallace@email.com
"Mia West",mia.west@email.com
"Alexander Jordan",alexander.jordan@email.com
"Aurora Reynolds",aurora.reynolds@email.com
"Henry Fisher",henry.fisher@email.com
"Chloe Ellis",chloe.ellis@email.com
"Owen Harrison",owen.harrison@email.com
"Ella Spencer",ella.spencer@email.com
"Liam Stone",liam.stone@email.com
"Aria Knight",aria.knight@email.com
"Noah Hunter",noah.hunter@email.com
"Lily Griffin",lily.griffin@email.com
"Ethan Porter",ethan.porter@email.com
"Harper Webb",harper.webb@email.com
"Alexander Warren",alexander.warren@email.com
"Charlotte Dixon",charlotte.dixon@email.com
"Benjamin Armstrong",benjamin.armstrong@email.com
"Aria Chambers",aria.chambers@email.com
"David Hawkins",david.hawkins@email.com
"Grace Reynolds",grace.reynolds@email.com
"Jack Hunter",jack.hunter@email.com
"Mia Knight",mia.knight@email.com
"Henry Ford",henry.ford@email.com
"Ella Coleman",ella.coleman@email.com
"Lucas Wallace",lucas.wallace@email.com
"Sophia West",sophia.west@email.com
"Owen Matthews",owen.matthews@email.com
"Lily Hudson",lily.hudson@email.com
"Ethan Gardner",ethan.gardner@email.com
"Aria Stevens",aria.stevens@email.com
"Benjamin Pierce",benjamin.pierce@email.com
"Grace Berry",grace.berry@email.com
"Jack Arnold",jack.arnold@email.com
"Mia Chapman",mia.chapman@email.com
"Henry Boyd",henry.boyd@email.com
"Ella Fuller",ella.fuller@email.com
"Nathan Ford",nathan.ford@email.com
"Harper Marsh",harper.marsh@email.com
"Leo Parsons",leo.parsons@email.com
"Aria Steele",aria.steele@email.com
"Daniel Bishop",daniel.bishop@email.com
"Chloe Matthews",chloe.matthews@email.com
"Ethan Wallace",ethan.wallace@email.com
"Aurora Fisher",aurora.fisher@email.com
"Jack Bishop",jack.bishop@email.com
"Grace Ellis",grace.ellis@email.com
"Lucas Hunter",lucas.hunter@email.com
"Charlotte Richards",charlotte.richards@email.com
"Owen Watkins",owen.watkins@email.com
"Lily Crawford",lily.crawford@email.com
"Daniel Porter",daniel.porter@email.com
"Mia Harper",mia.harper@email.com
"Alexander Dunn",alexander.dunn@email.com
"Aurora Hayes",aurora.hayes@email.com
"Henry Fox",henry.fox@email.com
"Chloe Kennedy",chloe.kennedy@email.com
"Ella Lane",ella.lane@email.com
"Liam Harper",liam.harper@email.com
"Aria Beck",aria.beck@email.com
"Noah Fox",noah.fox@email.com
"Lily Wheeler",lily.wheeler@email.com
"Ethan Armstrong",ethan.armstrong@email.com
"Harper Berry",harper.berry@email.com
"Alexander Hart",alexander.hart@email.com
"Charlotte Dean",charlotte.dean@email.com
"Benjamin Palmer",benjamin.palmer@email.com
"Aria Robertson",aria.robertson@email.com
"David Hartman",david.hartman@email.com
"Grace Foster",grace.foster@email.com
"Jack Norris",jack.norris@email.com
"Mia Webb",mia.webb@email.com
"Henry Chapman",henry.chapman@email.com
"Ella Fox",ella.fox@email.com
"Lucas Gardner",lucas.gardner@email.com
"Sophia Simmons",sophia.simmons@email.com
"Owen Harvey",owen.harvey@email.com
"Lily Rice",lily.rice@email.com
"Ethan Watts",ethan.watts@email.com
"Aria Fuller",aria.fuller@email.com
"Benjamin Stone",benjamin.stone@email.com
"Grace Bishop",grace.bishop@email.com
"Jack Webb",jack.webb@email.com
"Mia Brewer",mia.brewer@email.com
"Henry Perkins",henry.perkins@email.com
"Ella Lowe",ella.lowe@email.com
"Nathan Stanley",nathan.stanley@email.com
"Harper Harper",harper.harper@email.com
"Leo Bishop",leo.bishop@email.com
"Aria Armstrong",aria.armstrong@email.com
"Daniel Coleman",daniel.coleman@email.com
"Chloe Hudson",chloe.hudson@email.com
"Ethan Bowen",ethan.bowen@email.com
"Aurora Ryan",aurora.ryan@email.com
"Jack Knight",jack.knight@email.com
"Grace Baldwin",grace.baldwin@email.com
"Lucas Francis",lucas.francis@email.com
"Charlotte McKenzie",charlotte.mckenzie@email.com
"Owen Woods",owen.woods@email.com
"Lily Newman",lily.newman@email.com
"Daniel Lane",daniel.lane@email.com
"Mia Hayes",mia.hayes@email.com
"Alexander Bowman",alexander.bowman@email.com
"Aurora Barrett",aurora.barrett@email.com
"Henry Stephens",henry.stephens@email.com
"Chloe Chapman",chloe.chapman@email.com
"Owen Bishop",owen.bishop@email.com
"Ella Parker",ella.parker@email.com
"Liam Wallace",liam.wallace@email.com
"Aria Simmons",aria.simmons@email.com
"Noah Collins",noah.collins@email.com
"Lily Rogers",lily.rogers@email.com
"Ethan Price",ethan.price@email.com
"Harper Kelly",harper.kelly@email.com
"Alexander Howard",alexander.howard@email.com
"Charlotte Cox",charlotte.cox@email.com
"Benjamin Ward",benjamin.ward@email.com
"Aria Price",aria.price@email.com
"David Bryant",david.bryant@email.com
"Grace Hughes",grace.hughes@email.com
"Jack Foster",jack.foster@email.com
"Mia Cole",mia.cole@email.com
"Henry Bell",henry.bell@email.com
"Ella Russell",ella.russell@email.com
"Lucas Coleman",lucas.coleman@email.com
"Sophia Parker",sophia.parker@email.com
"Owen Gray",owen.gray@email.com
"Lily Ward",lily.ward@email.com
"Ethan Coleman",ethan.coleman@email.com
"Aria Ellis",aria.ellis@email.com
"Benjamin Parker",benjamin.parker@email.com
"Grace Boyd",grace.boyd@email.com
"Mia Simmons",mia.simmons@email.com
"Henry Kelly",henry.kelly@email.com
"Ella Bailey",ella.bailey@email.com
"Nathan Gray",nathan.gray@email.com
"Leo Reed",leo.reed@email.com
"Aria Bell",aria.bell@email.com
"Daniel Watson",daniel.watson@email.com
"Chloe Howard",chloe.howard@email.com
"Ethan Bailey",ethan.bailey@email.com
"Aurora Gray",aurora.gray@email.com
"Jack Ellis",jack.ellis@email.com
"Lucas Carter",lucas.carter@email.com
"Charlotte Price",charlotte.price@email.com
"Owen Bennett",owen.bennett@email.com
"Daniel Bryant",daniel.bryant@email.com
"Mia Russell",mia.russell@email.com
"Alexander Pierce",alexander.pierce@email.com
"Aurora Coleman",aurora.coleman@email.com
"Henry Palmer",henry.palmer@email.com
"Chloe Knight",chloe.knight@email.com
"Owen Barrett",owen.barrett@email.com
